20,1727,0.402754,0.502734,1,10,0.257650,0.270648,0.208388,0.263314
30,2769,0.189367,0.499524,1,14,0.256873,0.276081,0.199016,0.268030
40,3760,0.059589,0.505029,1,19,0.261117,0.281960,0.183200,0.273723
60,5714,0.025603,0.507703,1,26,0.264174,0.285047,0.172369,0.278411
80,7858,0.048317,0.532617,1,37,0.266971,0.289678,0.159324,0.284027
100,9864,0.000028,0.517798,1,45,0.268109,0.291678,0.153045,0.287167
110,10969,0.000000,0.519556,1,47,0.268266,0.291966,0.152074,0.287694
120,12084,0.000000,0.530664,1,53,0.268908,0.291321,0.150787,0.288985
130,13017,0.000257,0.532764,1,59,0.269016,0.291614,0.149746,0.289624
150,15082,0.000735,0.570996,1,71,0.269236,0.291417,0.148814,0.290533
160,16133,0.000792,0.581787,1,54,0.269143,0.291994,0.148343,0.290520
170,17333,0.000057,0.637891,1,60,0.269057,0.292365,0.148010,0.290568
190,19442,0.000000,0.648926,1,69,0.268920,0.292752,0.147606,0.290722
200,20347,0.001584,0.654541,1,75,0.268887,0.292800,0.147539,0.290775
220,22637,0.000000,0.721436,1,63,0.269267,0.292017,0.147573,0.291143
230,23718,0.000000,0.744629,1,72,0.269116,0.292353,0.147468,0.291063
240,24815,0.000000,0.730615,1,81,0.268936,0.292629,0.147352,0.291084
250,25912,0.000000,0.783887,1,89,0.268886,0.292681,0.147322,0.291111
260,26999,0.000000,0.812305,1,67,0.269091,0.292258,0.147401,0.291251
270,28221,0.000000,0.866260,1,75,0.268939,0.292594,0.147322,0.291146
280,29422,0.000000,0.864746,1,83,0.268857,0.292713,0.147281,0.291149
290,30376,0.000000,0.771387,1,89,0.268789,0.292781,0.147247,0.291183
300,31599,0.000000,0.822656,1,95,0.268880,0.292444,0.147285,0.291391
310,32557,0.000000,0.877295,1,77,0.268831,0.292625,0.147262,0.291283
320,33707,0.000000,0.867822,1,83,0.268781,0.292732,0.147238,0.291248
330,34662,0.000000,0.899463,1,93,0.268755,0.292764,0.147226,0.291254
340,35773,0.000000,0.814893,1,98,0.268705,0.292802,0.147204,0.291289
350,36728,0.000000,0.887793,1,107,0.268664,0.292819,0.147185,0.291332
360,37679,0.000000,0.838623,1,78,0.268679,0.292880,0.147191,0.291251
370,38724,0.000000,0.884570,1,86,0.268675,0.292905,0.147189,0.291231
380,39696,0.000000,0.816504,1,91,0.268703,0.292794,0.147202,0.291301
390,40784,0.000000,0.676611,1,93,0.268706,0.292766,0.147203,0.291324
400,41984,0.000000,0.794385,1,98,0.268659,0.292817,0.147182,0.291342
410,43057,0.000000,0.777100,1,69,0.268683,0.292858,0.147193,0.291267
420,43903,0.000000,0.766260,1,75,0.268699,0.292913,0.147200,0.291188
430,45065,0.000000,0.738184,1,78,0.268700,0.292933,0.147200,0.291168
440,46229,0.000000,0.826123,1,82,0.268691,0.292944,0.147196,0.291169
450,47323,0.000057,0.815381,1,86,0.268680,0.292944,0.147191,0.291184
460,48420,0.000000,0.853809,1,53,0.268766,0.293050,0.147229,0.290956
470,49512,0.000000,0.829980,1,59,0.268803,0.293098,0.147246,0.290853
480,50773,0.000000,0.840430,1,65,0.268803,0.293103,0.147246,0.290849
490,52011,0.000000,0.725586,1,70,0.268794,0.293092,0.147242,0.290872
500,53032,0.000000,0.810840,1,76,0.268769,0.293068,0.147231,0.290932
510,54016,0.000000,0.816406,1,52,0.268834,0.293143,0.147260,0.290763
520,55009,0.000000,0.806934,1,59,0.268927,0.292940,0.147301,0.290833
530,55851,0.000000,0.852490,1,67,0.268904,0.292968,0.147291,0.290837
540,56949,0.027620,0.824463,1,72,0.268857,0.292996,0.147270,0.290877
550,58047,0.000000,0.810645,1,78,0.268824,0.292969,0.147255,0.290951
560,59120,0.000000,0.843652,1,65,0.268905,0.292832,0.147291,0.290971
570,60140,0.000000,0.834912,1,72,0.268861,0.292898,0.147272,0.290969
580,61254,0.001132,0.843896,1,79,0.268809,0.292928,0.147248,0.291015
590,62261,0.000000,0.807568,1,85,0.268784,0.292933,0.147237,0.291046
600,63442,0.000086,0.839160,1,92,0.268791,0.292740,0.147240,0.291229
610,64574,0.000000,0.843799,1,72,0.268775,0.292835,0.147233,0.291156
620,65692,0.000000,0.842285,1,80,0.268754,0.292869,0.147224,0.291152
630,66711,0.000000,0.868945,1,88,0.268737,0.292883,0.147217,0.291163
640,67681,0.000000,0.869873,1,96,0.268726,0.292826,0.147211,0.291237
650,68720,0.000000,0.826709,1,98,0.268684,0.292841,0.147193,0.291283
660,69914,0.000000,0.817285,1,67,0.268748,0.292830,0.147221,0.291201
670,70961,0.000000,0.833545,1,74,0.268758,0.292881,0.147226,0.291136
680,71963,0.000000,0.846973,1,81,0.268737,0.292915,0.147216,0.291132
690,73166,0.000000,0.853271,1,88,0.268708,0.292923,0.147204,0.291165
700,74137,0.000000,0.826562,1,92,0.268767,0.292701,0.147230,0.291303
710,75262,0.000000,0.852588,1,61,0.268791,0.292844,0.147240,0.291125
720,76380,0.000000,0.844629,1,66,0.268873,0.292722,0.147277,0.291127
730,77529,0.000000,0.842871,1,70,0.268838,0.292822,0.147261,0.291078
740,78626,0.000000,0.810596,1,75,0.268802,0.292885,0.147245,0.291067
750,79672,0.000000,0.848047,1,81,0.268774,0.292889,0.147233,0.291103
760,80527,0.000000,0.874756,1,57,0.268797,0.292947,0.147243,0.291013
770,81429,0.000000,0.877783,1,63,0.268811,0.293013,0.147249,0.290926
780,82685,0.000000,0.869189,1,69,0.268800,0.293035,0.147244,0.290921
790,83715,0.000000,0.879687,1,73,0.268778,0.293035,0.147235,0.290953
800,84611,0.000000,0.887256,1,80,0.268750,0.293019,0.147222,0.291009
810,85795,0.000000,0.857666,1,60,0.268781,0.293065,0.147236,0.290918
820,86835,0.000000,0.875977,1,67,0.268785,0.293072,0.147238,0.290906
830,87899,0.000029,0.883105,1,73,0.268768,0.293060,0.147230,0.290943
840,88762,0.000000,0.865186,1,81,0.268755,0.293048,0.147224,0.290973
850,89815,0.000000,0.833691,1,85,0.268771,0.292903,0.147231,0.291095
860,90721,0.000000,0.810498,1,66,0.269143,0.292064,0.147397,0.291397
870,91897,0.005040,0.799561,1,68,0.269024,0.292377,0.147344,0.291255
880,93080,0.001019,0.792920,1,72,0.269317,0.291625,0.147474,0.291584
890,94243,0.021714,0.692480,1,75,0.269389,0.291403,0.147506,0.291702
900,95101,0.000956,0.748755,1,79,0.269177,0.291890,0.147412,0.291521
910,96108,0.000000,0.827783,1,54,0.269396,0.291572,0.147509,0.291522
920,97194,0.000674,0.787842,1,58,0.269310,0.291845,0.147471,0.291374
930,98236,0.000604,0.754736,1,63,0.269163,0.292253,0.147406,0.291178
940,99157,0.000785,0.798242,1,70,0.269131,0.292289,0.147392,0.291188
950,100138,0.000000,0.787012,1,77,0.269001,0.292512,0.147334,0.291153
960,101145,0.000115,0.793750,1,52,0.269000,0.292651,0.147333,0.291015
970,102351,0.000000,0.791748,1,58,0.269426,0.291699,0.147523,0.291352
980,103453,0.000594,0.823340,1,64,0.269573,0.291283,0.147588,0.291556
990,104397,0.000000,0.777295,1,70,0.269437,0.291590,0.147528,0.291445
1000,105513,0.002562,0.749561,1,75,0.269215,0.292039,0.147429,0.291317
1010,106520,0.000000,0.831201,1,60,0.269272,0.291988,0.147454,0.291285
1020,107535,0.000000,0.762451,1,62,0.269522,0.291359,0.147566,0.291553
1030,108688,0.000000,0.804053,1,67,0.269509,0.291348,0.147560,0.291583
1040,109888,0.000000,0.637036,1,68,0.269275,0.291884,0.147455,0.291386
1050,111051,0.001475,0.807813,1,74,0.269118,0.292223,0.147386,0.291274
1060,112242,0.000000,0.788037,1,47,0.269494,0.291560,0.147553,0.291393
1070,113306,0.000000,0.800928,1,51,0.269335,0.292108,0.147482,0.291075
1080,114361,0.002958,0.703271,1,56,0.269209,0.292467,0.147426,0.290898
1090,115465,0.000000,0.725293,1,61,0.269676,0.291226,0.147634,0.291465
1100,116413,0.000000,0.753174,1,64,0.269423,0.291775,0.147521,0.291280
1110,117586,0.000000,0.771973,1,40,0.269386,0.292265,0.147505,0.290843
1120,118772,0.003825,0.785937,1,43,0.269670,0.291705,0.147631,0.290993
1130,119765,0.000000,0.658545,1,45,0.269650,0.291797,0.147622,0.290931
1140,120798,0.000000,0.802393,1,52,0.269443,0.292271,0.147530,0.290757
1150,121862,0.000000,0.722192,1,59,0.269268,0.292549,0.147453,0.290730
1160,122844,0.000000,0.682764,1,45,0.269241,0.292703,0.147440,0.290615
1170,123917,0.000000,0.836230,1,54,0.269367,0.292390,0.147496,0.290747
1180,124868,0.000000,0.827246,1,63,0.269214,0.292642,0.147429,0.290714
1190,126032,0.000466,0.754346,1,69,0.269079,0.292781,0.147368,0.290772
1200,127205,0.000000,0.828125,1,75,0.269055,0.292652,0.147358,0.290936
1210,128290,0.000000,0.813428,1,62,0.268989,0.292810,0.147328,0.290872
1220,129494,0.000000,0.785840,1,66,0.268906,0.292937,0.147291,0.290865
1230,130585,0.000274,0.731006,1,71,0.268881,0.292959,0.147280,0.290880
1240,131593,0.000029,0.757471,1,74,0.268832,0.292981,0.147259,0.290928
1250,132822,0.000000,0.711523,1,78,0.268794,0.292990,0.147242,0.290975
1260,133917,0.001290,0.763208,1,56,0.268830,0.293066,0.147258,0.290846
1270,134788,0.000000,0.830762,1,61,0.268838,0.293099,0.147261,0.290801
1280,135839,0.000411,0.826807,1,70,0.268820,0.293096,0.147253,0.290832
1310,139050,0.000358,0.845947,1,81,0.269244,0.291771,0.147442,0.291544
1330,141225,0.017983,0.747314,1,89,0.269163,0.291825,0.147406,0.291606
1340,142341,0.018865,0.713257,1,90,0.268995,0.292165,0.147331,0.291509
1350,143527,0.000791,0.740552,1,97,0.269039,0.291934,0.147351,0.291676
1360,144682,0.000988,0.810547,1,46,0.269047,0.292393,0.147354,0.291205
1370,145656,0.000000,0.807568,1,55,0.269017,0.292656,0.147341,0.290986
1380,146822,0.004756,0.754492,1,61,0.269031,0.292653,0.147347,0.290969
1390,147791,0.000000,0.815430,1,70,0.268965,0.292756,0.147318,0.290961
1400,148957,0.000592,0.855078,1,76,0.268887,0.292837,0.147283,0.290993
1410,150007,0.000165,0.856396,1,57,0.268894,0.292961,0.147286,0.290858
1420,151142,0.000527,0.712988,1,61,0.268879,0.293024,0.147280,0.290818
1430,152060,0.008798,0.780811,1,68,0.269455,0.291505,0.147535,0.291505
1440,153052,0.000000,0.746582,1,76,0.269330,0.291765,0.147480,0.291424
1450,154180,0.000426,0.815137,1,82,0.269130,0.292146,0.147391,0.291333
1460,155431,0.000000,0.773486,1,67,0.269058,0.292346,0.147359,0.291237
1470,155999,0.006415,0.777344,1,73,0.269004,0.292466,0.147335,0.291195
1480,157038,0.000000,0.769287,1,77,0.268909,0.292632,0.147293,0.291167
1490,158222,0.000819,0.812109,1,81,0.268836,0.292738,0.147260,0.291166
1500,159322,0.000595,0.800732,1,85,0.268786,0.292794,0.147238,0.291182
1510,160525,0.001836,0.759766,1,57,0.268824,0.292925,0.147255,0.290995
1520,161713,0.000948,0.802686,1,62,0.268827,0.292995,0.147257,0.290922
1530,162707,0.000000,0.725928,1,66,0.268820,0.293030,0.147253,0.290896
1540,163739,0.001767,0.770996,1,70,0.269229,0.291968,0.147435,0.291368
1550,164614,0.005236,0.739355,1,75,0.269075,0.292301,0.147367,0.291258
1560,165551,0.004920,0.760938,1,46,0.269096,0.292573,0.147376,0.290955
1570,166432,0.002245,0.748584,1,51,0.269076,0.292698,0.147367,0.290859
1580,167584,0.003825,0.778906,1,57,0.269163,0.292522,0.147406,0.290910
1590,168791,0.001522,0.777930,1,64,0.269449,0.291726,0.147533,0.291292
1600,169852,0.000666,0.801758,1,71,0.269239,0.292149,0.147439,0.291173
1610,170824,0.003165,0.778711,1,57,0.269151,0.292473,0.147401,0.290975
1620,171763,0.002205,0.789111,1,64,0.269054,0.292685,0.147357,0.290904
1630,172687,0.000202,0.795703,1,71,0.269006,0.292753,0.147336,0.290904
1640,173780,0.000191,0.815576,1,78,0.268916,0.292837,0.147296,0.290951
1650,175050,0.000000,0.798633,1,83,0.268812,0.292885,0.147250,0.291054
1660,176062,0.000000,0.827393,1,69,0.268803,0.292950,0.147246,0.291002
1670,177216,0.000287,0.847949,1,74,0.268780,0.292975,0.147236,0.291009
1680,178367,0.000526,0.801562,1,80,0.268754,0.292982,0.147224,0.291039
1690,179373,0.000009,0.796240,1,87,0.268723,0.292972,0.147210,0.291095
1700,180580,0.001433,0.822021,1,94,0.268689,0.292951,0.147195,0.291166
1710,181626,0.000123,0.768896,1,60,0.268741,0.293020,0.147218,0.291021
1720,182735,0.000750,0.810937,1,63,0.268847,0.292859,0.147265,0.291029
1730,183723,0.000573,0.817480,1,67,0.268828,0.292933,0.147257,0.290981
1740,184589,0.002218,0.768506,1,69,0.268817,0.292956,0.147252,0.290976
1750,185538,0.002217,0.846631,1,75,0.269096,0.292213,0.147376,0.291315
1760,186709,0.000148,0.744629,1,50,0.269359,0.291818,0.147493,0.291330
1770,187648,0.019680,0.825586,1,57,0.269223,0.292265,0.147433,0.291080
1780,188752,0.002233,0.825391,1,62,0.269102,0.292540,0.147378,0.290980
1790,189853,0.007174,0.775049,1,66,0.269004,0.292714,0.147335,0.290947
1800,190959,0.000372,0.790625,1,71,0.268971,0.292698,0.147320,0.291011
1810,192239,0.000125,0.768359,1,42,0.269570,0.291517,0.147587,0.291326
1820,193051,0.002817,0.796777,1,47,0.269765,0.291188,0.147673,0.291374
1830,194145,0.000000,0.717187,1,50,0.269522,0.291852,0.147565,0.291061
1840,195309,0.003762,0.698730,1,50,0.269361,0.292265,0.147494,0.290880
1850,196473,0.000000,0.718408,1,56,0.269256,0.292492,0.147447,0.290804
1860,197640,0.000526,0.817285,1,39,0.269253,0.292838,0.147446,0.290464
1870,198743,0.000196,0.735938,1,41,0.269716,0.291777,0.147651,0.290856
1880,199649,0.002306,0.795605,1,46,0.270003,0.291050,0.147779,0.291167
1890,200831,0.000603,0.801660,1,49,0.269691,0.291763,0.147640,0.290906
1900,201968,0.000396,0.791943,1,52,0.270142,0.290506,0.147841,0.291511
1910,202991,0.002166,0.799707,1,37,0.269891,0.291503,0.147729,0.290877
1920,203914,0.000000,0.764404,1,42,0.269657,0.292122,0.147625,0.290596
1930,205173,0.000425,0.738428,1,45,0.269480,0.292515,0.147547,0.290459
1940,206383,0.001026,0.793799,1,50,0.269336,0.292776,0.147483,0.290405
1950,207431,0.002322,0.767822,1,55,0.269212,0.292929,0.147428,0.290432
1960,208325,0.002438,0.673486,1,39,0.269205,0.293121,0.147424,0.290250
1970,209259,0.001092,0.647217,1,40,0.269193,0.293244,0.147419,0.290145
1980,210470,0.000000,0.666089,1,44,0.269185,0.293249,0.147415,0.290150
1990,211509,0.002892,0.689258,1,47,0.269645,0.292003,0.147620,0.290732
2000,212656,0.003691,0.683350,1,48,0.269442,0.292415,0.147530,0.290613
2010,213852,0.001437,0.740137,1,33,0.269429,0.292808,0.147524,0.290240
2020,214846,0.004424,0.657422,1,33,0.270081,0.291380,0.147814,0.290725
2030,215992,0.000000,0.640869,1,35,0.270268,0.291005,0.147897,0.290830
2040,217269,0.002072,0.833838,1,35,0.269963,0.291830,0.147761,0.290445
2050,218291,0.000403,0.669629,1,39,0.269739,0.292350,0.147662,0.290249
2070,220369,0.000025,0.656299,1,24,0.270138,0.292507,0.147839,0.289517
2080,221489,0.000639,0.740332,1,28,0.270006,0.293011,0.147781,0.289202
2090,222522,0.000548,0.687964,1,29,0.269998,0.292945,0.147777,0.289281
2100,223397,0.000137,0.648682,1,31,0.269839,0.293235,0.147706,0.289220
2110,224579,0.000193,0.670923,1,24,0.270224,0.292627,0.147877,0.289271
2120,225574,0.000126,0.688940,1,25,0.270076,0.293105,0.147811,0.289008
2130,226723,0.000323,0.696533,1,26,0.270119,0.293015,0.147831,0.289035
2150,228951,0.002142,0.724072,1,31,0.270104,0.292806,0.147824,0.289266
2160,229719,0.000081,0.697803,1,23,0.270036,0.293270,0.147794,0.288900
2180,231729,0.020361,0.603162,1,27,0.269932,0.293523,0.147747,0.288798
2190,232557,0.000253,0.696777,1,29,0.271074,0.290498,0.148255,0.290173
2200,233730,0.000863,0.726318,1,29,0.270628,0.291455,0.148057,0.289859
2210,234739,0.000000,0.649609,1,20,0.270505,0.292464,0.148002,0.289028
2230,236887,0.002093,0.690430,1,24,0.270253,0.293264,0.147890,0.288593
2250,239006,0.003790,0.667920,1,31,0.269993,0.293583,0.147775,0.288649
2270,241392,0.002473,0.709180,1,31,0.269959,0.293356,0.147760,0.288925
2280,242284,0.001280,0.683447,1,34,0.269862,0.293426,0.147717,0.288995
2290,243419,0.005296,0.614844,1,38,0.269709,0.293431,0.147648,0.289211
2300,244507,0.000973,0.618945,1,40,0.269791,0.292847,0.147685,0.289676
2330,247802,0.000281,0.629834,1,34,0.269568,0.293303,0.147586,0.289543
2350,249996,0.002221,0.742480,1,41,0.269433,0.293409,0.147526,0.289632
2390,254181,0.000794,0.667578,1,33,0.269611,0.293457,0.147605,0.289327
2400,255385,0.002646,0.730542,1,34,0.269546,0.293503,0.147576,0.289375
2410,256552,0.005540,0.767139,1,20,0.269715,0.293825,0.147651,0.288810
2430,258599,0.004046,0.684326,1,23,0.269839,0.294110,0.147706,0.288345
2460,261914,0.000520,0.652539,1,32,0.269631,0.293932,0.147614,0.288824
2470,262958,0.002639,0.628418,1,32,0.269590,0.293904,0.147596,0.288911
2490,264805,0.000007,0.675635,1,39,0.269482,0.293820,0.147548,0.289150
2500,265814,0.000007,0.730957,1,45,0.269373,0.293711,0.147499,0.289417
2510,266814,0.000000,0.750635,1,30,0.269423,0.293777,0.147521,0.289279
2520,267902,0.000314,0.777881,1,33,0.269421,0.293750,0.147521,0.289308
2530,269061,0.000039,0.796191,1,35,0.269539,0.293371,0.147573,0.289517
2540,270265,0.001236,0.801465,1,39,0.269457,0.293418,0.147536,0.289589
2550,271288,0.003128,0.734180,1,42,0.269382,0.293365,0.147503,0.289749
2560,272401,0.000000,0.708203,1,36,0.269696,0.292638,0.147643,0.290023
2570,273594,0.002469,0.781738,1,40,0.269543,0.292908,0.147575,0.289975
2580,274792,0.001638,0.746289,1,42,0.269418,0.293088,0.147519,0.289975
2590,275745,0.002601,0.730615,1,48,0.269305,0.293183,0.147469,0.290043
2600,276783,0.001780,0.712988,1,51,0.269503,0.292459,0.147557,0.290481
2620,278790,0.000000,0.789990,1,41,0.269610,0.292354,0.147604,0.290432
2630,279727,0.000907,0.754883,1,42,0.269459,0.292693,0.147538,0.290310
2650,281877,0.000624,0.742578,1,47,0.269480,0.292505,0.147547,0.290468
2690,286554,0.001965,0.772168,1,43,0.269245,0.293300,0.147442,0.290014
2700,287596,0.001276,0.789111,1,46,0.269183,0.293326,0.147415,0.290077
2720,289651,0.000469,0.778564,1,31,0.269524,0.293057,0.147566,0.289852
2730,290754,0.000000,0.694873,1,32,0.269835,0.292403,0.147705,0.290057
2750,292889,0.000000,0.751221,1,36,0.269623,0.292927,0.147610,0.289839
2760,293760,0.000000,0.623511,1,26,0.270250,0.291893,0.147889,0.289968
2780,295658,0.000000,0.713574,1,28,0.269998,0.292823,0.147777,0.289402
2790,296649,0.000000,0.670337,1,28,0.269861,0.293175,0.147716,0.289248
2810,298603,0.000000,0.633105,1,33,0.270074,0.292409,0.147811,0.289707
2820,299751,0.000000,0.650049,1,34,0.269952,0.292633,0.147756,0.289659
2850,302753,0.000000,0.664258,1,44,0.270366,0.290926,0.147940,0.290768
2860,303858,0.000000,0.747119,1,29,0.270620,0.290668,0.148053,0.290658
2880,305906,0.000000,0.768066,1,35,0.270101,0.292005,0.147823,0.290071
2900,307971,0.000000,0.699805,1,38,0.269728,0.292685,0.147657,0.289931
2910,309022,0.000000,0.684082,1,30,0.269728,0.292685,0.147657,0.289931
2920,310222,0.000000,0.763770,1,31,0.269655,0.293003,0.147625,0.289717
2930,311409,0.000000,0.835791,1,34,0.269572,0.293240,0.147588,0.289600
2940,312331,0.000000,0.756982,1,36,0.269484,0.293369,0.147548,0.289600
2950,313236,0.000000,0.759912,1,38,0.269440,0.293406,0.147529,0.289624
2990,317704,0.000000,0.724072,1,29,0.269771,0.293423,0.147676,0.289131
3010,319888,0.000000,0.798486,1,33,0.269720,0.293198,0.147653,0.289429
3030,322311,0.000000,0.802344,1,38,0.269535,0.293317,0.147571,0.289577
3040,323265,0.000000,0.737500,1,41,0.269474,0.293354,0.147544,0.289628
3050,324488,0.000000,0.743506,1,45,0.269363,0.293388,0.147495,0.289754
3060,325446,0.000000,0.742383,1,27,0.269424,0.293515,0.147522,0.289540
3070,326596,0.000000,0.642358,1,29,0.269482,0.293694,0.147547,0.289277
3080,327551,0.000000,0.640576,1,32,0.269480,0.293721,0.147546,0.289253
3090,328662,0.000000,0.608008,1,32,0.270266,0.291672,0.147896,0.290166
3120,331613,0.000000,0.749561,1,38,0.269630,0.292930,0.147613,0.289828
3130,332585,0.000000,0.808447,1,42,0.269490,0.293073,0.147551,0.289887
3190,339118,0.000000,0.778418,1,59,0.269006,0.293214,0.147336,0.290444
3200,340212,0.000000,0.783105,1,63,0.268952,0.293188,0.147312,0.290548
3210,341309,0.000000,0.753467,1,32,0.269350,0.292747,0.147489,0.290414
3240,344900,0.000000,0.726172,1,40,0.269547,0.292650,0.147576,0.290226
3260,346905,0.000000,0.765723,1,50,0.269337,0.292914,0.147483,0.290266
3270,347898,0.000000,0.759863,1,52,0.269271,0.292975,0.147454,0.290300
3280,348740,0.000000,0.738379,1,55,0.269158,0.293056,0.147404,0.290382
3300,350936,0.000000,0.765723,1,62,0.269926,0.290834,0.147745,0.291495
3310,352009,0.000000,0.701709,1,35,0.269924,0.291251,0.147744,0.291081
3320,353029,0.000000,0.752930,1,39,0.269707,0.291979,0.147648,0.290666
3340,355150,0.000000,0.723926,1,43,0.269452,0.292613,0.147534,0.290400
3380,359600,0.000000,0.783984,1,55,0.269099,0.293113,0.147377,0.290412
3390,360570,0.000000,0.788965,1,56,0.269073,0.293038,0.147366,0.290523
3420,363850,0.000000,0.714014,1,63,0.268930,0.293107,0.147302,0.290661
3430,364852,0.000000,0.790430,1,64,0.269523,0.291494,0.147566,0.291417
3440,366055,0.001303,0.691919,1,64,0.269339,0.291886,0.147484,0.291291
3450,367026,0.001303,0.702466,1,68,0.269177,0.292228,0.147412,0.291182
3460,368151,0.000000,0.732227,1,23,0.269562,0.292416,0.147583,0.290439
3470,369269,0.000000,0.762842,1,27,0.269610,0.292949,0.147604,0.289837
3480,370418,0.000000,0.815576,1,31,0.269583,0.293209,0.147592,0.289616
3490,371515,0.000000,0.704395,1,34,0.269673,0.292941,0.147632,0.289754
3500,372561,0.000000,0.712451,1,37,0.269548,0.293157,0.147577,0.289717
3510,373416,0.000000,0.741016,1,28,0.269550,0.293293,0.147578,0.289579
3520,374318,0.000000,0.674951,1,30,0.269552,0.293472,0.147579,0.289398
3530,375574,0.000000,0.826562,1,34,0.269496,0.293557,0.147554,0.289394
3540,376604,0.000000,0.774951,1,36,0.269431,0.293587,0.147525,0.289458
3550,377500,0.000000,0.687354,1,38,0.269372,0.293592,0.147499,0.289537
3560,378684,0.000000,0.814111,1,34,0.269372,0.293640,0.147499,0.289489
3570,379724,0.000000,0.792725,1,39,0.269327,0.293624,0.147479,0.289570
3580,380788,0.000000,0.770557,1,43,0.269255,0.293567,0.147447,0.289731
3590,381651,0.000000,0.681250,1,45,0.269265,0.293446,0.147451,0.289838
3600,382704,0.005717,0.637573,1,46,0.269194,0.293424,0.147420,0.289962
3610,383610,0.001296,0.697656,1,35,0.269260,0.293536,0.147449,0.289754
3620,384786,0.000487,0.745752,1,40,0.269251,0.293552,0.147445,0.289752
3630,385969,0.003305,0.726904,1,45,0.269196,0.293510,0.147420,0.289874
3640,387132,0.000000,0.817432,1,54,0.269125,0.293444,0.147389,0.290042
3650,387990,0.003931,0.696582,1,58,0.269685,0.291889,0.147638,0.290788
3660,388997,0.000905,0.791895,1,50,0.269475,0.292343,0.147544,0.290638
3670,390083,0.004791,0.723877,1,53,0.269305,0.292628,0.147469,0.290598
3680,391125,0.000439,0.789111,1,58,0.269178,0.292812,0.147413,0.290597
3690,392046,0.000000,0.801367,1,61,0.269073,0.292918,0.147366,0.290644
3700,393027,0.000705,0.701611,1,64,0.269028,0.292954,0.147346,0.290672
3710,394034,0.000000,0.782568,1,53,0.269013,0.293063,0.147339,0.290585
3720,395240,0.000289,0.747168,1,56,0.268990,0.293094,0.147329,0.290587
3730,396342,0.001987,0.770215,1,60,0.268932,0.293127,0.147303,0.290638
3740,397286,0.000000,0.758643,1,63,0.268911,0.293127,0.147294,0.290668
3750,398402,0.000331,0.742188,1,65,0.268876,0.293121,0.147278,0.290724
3760,399409,0.000000,0.799170,1,40,0.269171,0.292767,0.147409,0.290654
3770,400424,0.000000,0.847852,1,46,0.269138,0.292966,0.147395,0.290502
3780,401577,0.000000,0.877832,1,51,0.269088,0.293072,0.147372,0.290468
3790,402777,0.000000,0.800000,1,57,0.269035,0.293125,0.147349,0.290491
3800,403940,0.001043,0.828906,1,61,0.268975,0.293136,0.147322,0.290566
3810,405131,0.000000,0.846973,1,41,0.269035,0.293253,0.147349,0.290363
3820,406195,0.000000,0.868457,1,48,0.269047,0.293304,0.147354,0.290294
3830,407250,0.000000,0.800146,1,51,0.269021,0.293300,0.147342,0.290337
3840,408354,0.000000,0.826807,1,55,0.269623,0.291654,0.147610,0.291113
3850,409302,0.000000,0.860449,1,59,0.269495,0.291915,0.147553,0.291037
3860,410475,0.000000,0.873486,1,48,0.269381,0.292285,0.147503,0.290831
3870,411661,0.000000,0.856982,1,52,0.269450,0.292090,0.147533,0.290927
3880,412654,0.000000,0.804980,1,59,0.269355,0.292281,0.147491,0.290873
3890,413687,0.000000,0.837549,1,61,0.269196,0.292556,0.147420,0.290828
3910,415733,0.000000,0.811768,1,68,0.269130,0.292467,0.147391,0.291012
3920,416806,0.000000,0.814746,1,70,0.269228,0.292095,0.147434,0.291243
3930,417757,0.000000,0.825146,1,74,0.269142,0.292255,0.147396,0.291207
3940,418921,0.000345,0.841455,1,78,0.269005,0.292489,0.147336,0.291170
3950,420094,0.000000,0.881689,1,79,0.269007,0.292385,0.147336,0.291272
3960,421179,0.000000,0.862891,1,36,0.269096,0.292777,0.147376,0.290750
3970,422383,0.000000,0.882178,1,40,0.269137,0.293107,0.147394,0.290363
3980,423474,0.000000,0.827783,1,44,0.269136,0.293170,0.147394,0.290301
3990,424482,0.000000,0.854004,1,48,0.269114,0.293244,0.147384,0.290258
4000,425711,0.000000,0.830615,1,53,0.269067,0.293259,0.147363,0.290312
4020,427677,0.000000,0.852393,1,43,0.269247,0.293174,0.147443,0.290136
4030,428728,0.000000,0.841846,1,45,0.269194,0.293250,0.147419,0.290137
4040,429885,0.000000,0.797412,1,48,0.269467,0.292439,0.147541,0.290553
4050,430979,0.000133,0.832178,1,52,0.269310,0.292703,0.147471,0.290516
4060,431939,0.001508,0.825928,1,46,0.269272,0.292827,0.147454,0.290447
4070,433136,0.000000,0.842871,1,51,0.269153,0.293028,0.147401,0.290418
4080,434114,0.000000,0.817773,1,57,0.269110,0.293062,0.147382,0.290445
4090,435230,0.000788,0.808789,1,61,0.269443,0.292042,0.147530,0.290984
4100,436416,0.000000,0.793628,1,64,0.269194,0.292447,0.147419,0.290940
4110,437571,0.006192,0.755566,1,44,0.269296,0.292387,0.147465,0.290853
4120,438545,0.001573,0.718213,1,46,0.269524,0.291922,0.147566,0.290988
4130,439711,0.006479,0.753540,1,50,0.269494,0.292025,0.147553,0.290928
4140,440680,0.000000,0.804102,1,55,0.269314,0.292405,0.147473,0.290808
4150,441846,0.003726,0.843359,1,62,0.269169,0.292642,0.147409,0.290780
4160,442896,0.002318,0.798535,1,45,0.269159,0.292780,0.147404,0.290657
4170,444031,0.006798,0.740674,1,48,0.269100,0.293028,0.147378,0.290495
4180,444949,0.001893,0.792041,1,53,0.269077,0.293073,0.147367,0.290484
4190,445941,0.002043,0.765527,1,56,0.269104,0.292923,0.147380,0.290594
4200,447069,0.001872,0.778857,1,61,0.269166,0.292645,0.147407,0.290781
4220,448888,0.000000,0.754248,1,50,0.269430,0.292232,0.147524,0.290814
4240,451111,0.005715,0.744922,1,56,0.269506,0.291878,0.147558,0.291057
4250,452211,0.008342,0.756396,1,59,0.269350,0.292175,0.147489,0.290985
4260,453414,0.000115,0.809521,1,45,0.269543,0.291930,0.147574,0.290953
4270,454602,0.001667,0.768262,1,48,0.269311,0.292534,0.147472,0.290682
4280,455596,0.000029,0.768896,1,51,0.269263,0.292646,0.147450,0.290641
4290,456628,0.000000,0.803613,1,55,0.269159,0.292806,0.147404,0.290630
4300,457503,0.000000,0.801514,1,61,0.269062,0.292918,0.147361,0.290658
4310,458440,0.000984,0.774658,1,46,0.269070,0.293010,0.147365,0.290556
4320,459321,0.000000,0.750098,1,49,0.269391,0.292251,0.147507,0.290851
4330,460473,0.001030,0.781982,1,51,0.269742,0.291341,0.147663,0.291253
4340,461680,0.001800,0.777148,1,53,0.269825,0.291086,0.147700,0.291388
4350,462741,0.000000,0.849023,1,59,0.269532,0.291748,0.147570,0.291150
4370,464652,0.000000,0.811572,1,51,0.269323,0.292449,0.147477,0.290751
4380,465576,0.001850,0.758691,1,53,0.269222,0.292655,0.147432,0.290690
4390,466669,0.002124,0.787256,1,56,0.269759,0.291196,0.147670,0.291375
4400,467939,0.003291,0.803223,1,60,0.269642,0.291400,0.147619,0.291340
4410,468951,0.000000,0.777002,1,40,0.269971,0.290861,0.147765,0.291404
4450,473469,0.000567,0.838916,1,51,0.269483,0.292153,0.147548,0.290816
4460,474515,0.000086,0.792920,1,34,0.269466,0.292668,0.147540,0.290326
4470,475624,0.000000,0.791797,1,37,0.269700,0.292256,0.147645,0.290399
4480,476612,0.005029,0.805908,1,41,0.269702,0.292263,0.147645,0.290390
4490,477478,0.000000,0.825195,1,48,0.269981,0.291487,0.147769,0.290762
4500,478427,0.000000,0.819531,1,54,0.269681,0.292022,0.147636,0.290661
4510,479598,0.000000,0.826953,1,44,0.269513,0.292480,0.147561,0.290446
4520,480537,0.003676,0.814941,1,50,0.269759,0.291736,0.147671,0.290835
4530,481641,0.000000,0.860107,1,55,0.269902,0.291184,0.147734,0.291180
4540,482742,0.000000,0.799805,1,58,0.269579,0.291808,0.147591,0.291022
4550,483848,0.000000,0.816260,1,61,0.269348,0.292228,0.147488,0.290936
4560,485128,0.000000,0.805029,1,49,0.269287,0.292427,0.147461,0.290825
4570,485940,0.000000,0.854150,1,55,0.269172,0.292681,0.147410,0.290738
4580,487034,0.000000,0.836328,1,62,0.269080,0.292809,0.147369,0.290742
4590,488198,0.000000,0.856006,1,65,0.268994,0.292904,0.147331,0.290772
4600,489362,0.000000,0.779932,1,68,0.268923,0.292957,0.147299,0.290821
4610,490529,0.000000,0.818506,1,42,0.268981,0.293112,0.147325,0.290583
4620,491632,0.000760,0.789014,1,45,0.269014,0.293210,0.147339,0.290437
4630,492538,0.000564,0.853027,1,49,0.269015,0.293255,0.147340,0.290390
4640,493720,0.003822,0.814746,1,54,0.269025,0.293181,0.147344,0.290450
4650,494857,0.000000,0.782275,1,56,0.268982,0.293188,0.147325,0.290505
4660,495880,0.000000,0.662256,1,37,0.269059,0.293313,0.147360,0.290268
4680,498062,0.000000,0.840088,1,43,0.269111,0.293416,0.147383,0.290090
4710,501214,0.002400,0.733203,1,47,0.269355,0.292671,0.147491,0.290483
4730,503359,0.000000,0.694434,1,50,0.269250,0.292770,0.147445,0.290535
4740,504398,0.000006,0.754980,1,51,0.269391,0.292339,0.147507,0.290764
4750,505545,0.000006,0.775928,1,52,0.269250,0.292628,0.147444,0.290678
4760,506741,0.000000,0.734106,1,20,0.269510,0.293223,0.147560,0.289707
4770,507735,0.002369,0.766675,1,23,0.269675,0.293616,0.147633,0.289076
4780,508881,0.002369,0.725488,1,26,0.269679,0.293766,0.147635,0.288921
4790,510158,0.005848,0.695312,1,26,0.269986,0.293066,0.147772,0.289176
4800,511180,0.001285,0.754395,1,30,0.269860,0.293350,0.147715,0.289075
4820,513258,0.000000,0.707910,1,24,0.269872,0.293765,0.147721,0.288641
4840,515411,0.003313,0.723901,1,26,0.269780,0.293945,0.147680,0.288596
4850,516286,0.003313,0.727173,1,30,0.269750,0.293956,0.147667,0.288627
4860,517468,0.004044,0.811426,1,25,0.269773,0.294033,0.147677,0.288517
4880,519612,0.000408,0.810596,1,32,0.269935,0.293341,0.147749,0.288975
4890,520801,0.000770,0.793164,1,36,0.270202,0.292290,0.147867,0.289641
4900,521840,0.000898,0.766748,1,37,0.269903,0.292699,0.147735,0.289663
4910,522608,0.000291,0.721191,1,28,0.269872,0.292943,0.147721,0.289465
4920,523548,0.000000,0.731836,1,31,0.270029,0.292557,0.147791,0.289623
4930,524618,0.005218,0.774707,1,35,0.269818,0.292921,0.147697,0.289564
4940,525446,0.000437,0.657544,1,36,0.269649,0.293142,0.147622,0.289587
4960,527628,0.003266,0.663184,1,43,0.269445,0.293306,0.147531,0.289717
4970,528721,0.000000,0.726465,1,47,0.269324,0.293334,0.147477,0.289865
4980,529776,0.003673,0.665479,1,49,0.269449,0.292762,0.147533,0.290256
4990,530839,0.003184,0.751416,1,51,0.269324,0.292878,0.147477,0.290321
5000,531895,0.000859,0.724951,1,55,0.269303,0.292729,0.147468,0.290499
5020,534281,0.003316,0.757129,1,41,0.269277,0.293175,0.147457,0.290091
5030,535173,0.000000,0.734131,1,45,0.269214,0.293250,0.147429,0.290107
5040,536308,0.000000,0.706836,1,49,0.269183,0.293270,0.147415,0.290133
5050,537396,0.001662,0.796045,1,53,0.269115,0.293272,0.147385,0.290228
5060,538573,0.000168,0.800488,1,41,0.269305,0.292919,0.147469,0.290307
5070,539703,0.001323,0.773047,1,44,0.269243,0.293085,0.147441,0.290230
5080,540691,0.000838,0.747070,1,49,0.269176,0.293172,0.147411,0.290241
5090,541876,0.001305,0.824609,1,56,0.269403,0.292427,0.147512,0.290657
5100,542885,0.001668,0.817139,1,62,0.269234,0.292654,0.147437,0.290674
5110,543984,0.000274,0.831934,1,49,0.269167,0.292873,0.147408,0.290552
5120,545107,0.000458,0.756494,1,50,0.269108,0.293009,0.147381,0.290502
5130,546117,0.003957,0.788086,1,52,0.269944,0.290839,0.147753,0.291465
5140,547070,0.000000,0.784033,1,58,0.269618,0.291581,0.147608,0.291193
5150,548274,0.000066,0.849756,1,61,0.269376,0.292074,0.147501,0.291049
5160,549441,0.001121,0.812109,1,40,0.269378,0.292350,0.147501,0.290770
5170,550456,0.000000,0.837109,1,44,0.269308,0.292710,0.147470,0.290511
5180,551488,0.001776,0.815674,1,46,0.269233,0.292927,0.147437,0.290403
5190,552689,0.000000,0.760986,1,48,0.269611,0.291912,0.147605,0.290873
5200,553754,0.001902,0.805664,1,53,0.269406,0.292339,0.147514,0.290742
5210,554803,0.000266,0.809033,1,32,0.269559,0.292447,0.147582,0.290412
5220,555847,0.000000,0.769824,1,33,0.269506,0.292858,0.147558,0.290077
5230,556760,0.000934,0.770508,1,36,0.269438,0.293106,0.147528,0.289928
5240,557694,0.000000,0.806787,1,43,0.269429,0.293074,0.147524,0.289973
5250,558703,0.001463,0.798779,1,48,0.269309,0.293171,0.147471,0.290049
5260,559703,0.001941,0.742480,1,36,0.269463,0.292898,0.147539,0.290100
5270,560791,0.000699,0.785693,1,37,0.269399,0.293123,0.147511,0.289967
5280,561950,0.001030,0.809814,1,40,0.269363,0.293210,0.147495,0.289932
5290,563154,0.005625,0.737305,1,44,0.269837,0.291906,0.147705,0.290552
5300,564177,0.003523,0.777197,1,48,0.269585,0.292360,0.147593,0.290462
5310,565290,0.000499,0.723926,1,37,0.269497,0.292768,0.147554,0.290181
5320,566483,0.017218,0.691455,1,41,0.269413,0.292979,0.147517,0.290091
5330,567681,0.008164,0.722168,1,44,0.269323,0.293115,0.147477,0.290085
5340,568634,0.011293,0.737305,1,49,0.269689,0.292040,0.147639,0.290632
5350,569672,0.006637,0.748779,1,53,0.269503,0.292301,0.147557,0.290639
5360,570753,0.004500,0.724414,1,37,0.269501,0.292540,0.147556,0.290403
5370,571679,0.010522,0.742529,1,40,0.269446,0.292709,0.147532,0.290314
5380,572616,0.007302,0.701025,1,42,0.269363,0.292921,0.147495,0.290221
5390,573755,0.004388,0.669678,1,44,0.269279,0.293073,0.147457,0.290191
5400,574766,0.007163,0.712402,1,46,0.269397,0.292698,0.147510,0.290395
5410,575973,0.006557,0.757861,1,38,0.269368,0.293000,0.147497,0.290135
5420,577084,0.004412,0.800684,1,43,0.269539,0.292553,0.147573,0.290336
5430,578233,0.008422,0.730420,1,47,0.269771,0.291867,0.147676,0.290686
5440,579443,0.003201,0.699121,1,49,0.269895,0.291382,0.147731,0.290992
5450,580485,0.007085,0.685889,1,52,0.270007,0.290944,0.147781,0.291269
5460,581517,0.007091,0.717773,1,37,0.269913,0.291531,0.147739,0.290817
5470,582540,0.005274,0.722998,1,42,0.270250,0.290743,0.147889,0.291117
5480,583643,0.000817,0.689258,1,44,0.269891,0.291584,0.147729,0.290796
5490,584680,0.002787,0.725732,1,46,0.269885,0.291503,0.147727,0.290885
5500,585778,0.003573,0.731055,1,50,0.269669,0.291934,0.147630,0.290767
5510,586839,0.002027,0.766455,1,38,0.269538,0.292449,0.147573,0.290440
5520,587845,0.001379,0.754004,1,43,0.269418,0.292777,0.147519,0.290286
5530,588722,0.000000,0.758350,1,51,0.269371,0.292840,0.147498,0.290291
5540,589805,0.001596,0.776807,1,55,0.269234,0.292970,0.147437,0.290359
5550,590964,0.002745,0.741211,1,60,0.269279,0.292533,0.147457,0.290731
5560,592040,0.002059,0.738965,1,47,0.270042,0.290675,0.147796,0.291487
5570,593218,0.002031,0.748877,1,51,0.269720,0.291471,0.147653,0.291156
5580,594382,0.003162,0.754541,1,56,0.269488,0.291962,0.147550,0.291000
5590,595385,0.001422,0.774512,1,59,0.269290,0.292340,0.147462,0.290908
5600,596277,0.000039,0.821777,1,63,0.269213,0.292478,0.147428,0.290882
5610,597251,0.000511,0.775635,1,48,0.269270,0.292452,0.147453,0.290825
5620,598381,0.001129,0.723145,1,50,0.269180,0.292716,0.147413,0.290691
5630,599249,0.001273,0.781152,1,56,0.269102,0.292885,0.147379,0.290634
5640,600364,0.000857,0.770117,1,61,0.269223,0.292452,0.147433,0.290893
5650,601493,0.000251,0.754687,1,66,0.269089,0.292655,0.147373,0.290883
5660,602671,0.000181,0.767285,1,45,0.269464,0.291916,0.147540,0.291080
5670,603744,0.000004,0.751758,1,47,0.269328,0.292367,0.147479,0.290825
5680,604790,0.000000,0.790283,1,48,0.269224,0.292667,0.147433,0.290676
5690,605824,0.001803,0.788623,1,50,0.269150,0.292870,0.147400,0.290581
5700,606860,0.000000,0.777686,1,53,0.269115,0.292939,0.147385,0.290562
5710,607845,0.001655,0.679248,1,36,0.269181,0.293166,0.147414,0.290239
5730,610089,0.002220,0.749951,1,41,0.269705,0.292039,0.147647,0.290610
5750,612279,0.000000,0.719727,1,44,0.269736,0.291884,0.147660,0.290720
5760,613325,0.000000,0.675732,1,26,0.269759,0.292614,0.147671,0.289956
5770,614441,0.000074,0.737012,1,31,0.269701,0.293017,0.147645,0.289637
5780,615541,0.000000,0.732861,1,36,0.269627,0.293129,0.147612,0.289631
5790,616647,0.000000,0.824170,1,40,0.269512,0.293249,0.147561,0.289678
5800,617826,0.003761,0.761035,1,42,0.269397,0.293324,0.147510,0.289770
5810,618881,0.000701,0.779053,1,33,0.269434,0.293383,0.147526,0.289658
5820,619846,0.001865,0.754443,1,37,0.269401,0.293472,0.147512,0.289615
5830,620735,0.002669,0.781543,1,42,0.269619,0.292705,0.147609,0.290067
5840,621663,0.000000,0.784912,1,45,0.269526,0.292823,0.147567,0.290084
5860,623866,0.001669,0.821191,1,52,0.269239,0.293066,0.147440,0.290256
5880,625882,0.000088,0.790723,1,56,0.269099,0.293139,0.147377,0.290384
5890,627002,0.000000,0.765186,1,58,0.269441,0.292109,0.147529,0.290921
5900,627964,0.000019,0.758203,1,60,0.269436,0.291989,0.147527,0.291048
5910,628873,0.001272,0.774463,1,33,0.269635,0.291979,0.147616,0.290770
5920,630073,0.000264,0.757812,1,35,0.269532,0.292506,0.147570,0.290392
5930,630956,0.000000,0.780420,1,37,0.269484,0.292741,0.147549,0.290226
5940,632091,0.001190,0.725977,1,40,0.269445,0.292873,0.147531,0.290152
5950,633232,0.001512,0.775586,1,45,0.269356,0.292986,0.147492,0.290166
5960,634261,0.000000,0.774902,1,29,0.269525,0.293015,0.147567,0.289893
5970,635250,0.001979,0.732080,1,34,0.269706,0.292650,0.147647,0.289997
5980,636226,0.000930,0.735352,1,39,0.270172,0.291431,0.147854,0.290543
5990,637095,0.001581,0.744434,1,44,0.269852,0.292043,0.147712,0.290393
6000,638239,0.001878,0.775098,1,48,0.269603,0.292446,0.147601,0.290350
6010,639177,0.000000,0.757080,1,43,0.269846,0.291814,0.147709,0.290630
6020,640211,0.000141,0.797217,1,45,0.269952,0.291425,0.147756,0.290867
6030,641189,0.004817,0.768164,1,49,0.269670,0.292024,0.147631,0.290675
6040,642315,0.000000,0.787451,1,56,0.269506,0.292248,0.147558,0.290688
6050,643232,0.000000,0.757666,1,60,0.269300,0.292533,0.147466,0.290701
6060,644438,0.000000,0.793457,1,53,0.269685,0.291504,0.147638,0.291174
6070,645507,0.000000,0.804590,1,59,0.270044,0.290487,0.147797,0.291671
6080,646570,0.001427,0.789209,1,64,0.269663,0.291314,0.147628,0.291395
6090,647668,0.002217,0.794971,1,68,0.269412,0.291800,0.147516,0.291272
6100,648777,0.004472,0.694189,1,70,0.269398,0.291697,0.147510,0.291395
6110,649831,0.000496,0.805811,1,48,0.269282,0.292209,0.147459,0.291051
6120,651014,0.000000,0.781714,1,52,0.269180,0.292543,0.147413,0.290864
6130,652051,0.002903,0.800146,1,54,0.269096,0.292759,0.147376,0.290769
6140,653221,0.006645,0.727979,1,57,0.269673,0.291257,0.147632,0.291438
6150,654418,0.002731,0.781152,1,62,0.269453,0.291758,0.147535,0.291254
6160,655315,0.000000,0.696143,1,42,0.269605,0.291721,0.147602,0.291072
6170,656518,0.000335,0.789062,1,46,0.269604,0.291833,0.147602,0.290961
6180,657542,0.000000,0.787451,1,52,0.269780,0.291340,0.147680,0.291201
6190,658479,0.000000,0.765039,1,58,0.269626,0.291657,0.147612,0.291105
6250,664850,0.000000,0.769238,1,72,0.268876,0.292890,0.147278,0.290955
6260,665936,0.000000,0.787793,1,40,0.268983,0.293099,0.147326,0.290591
6270,667006,0.000000,0.805811,1,42,0.269033,0.293221,0.147348,0.290399
6280,667862,0.000000,0.793115,1,43,0.269053,0.293290,0.147357,0.290301
6290,668986,0.000000,0.799707,1,45,0.269052,0.293306,0.147356,0.290286
6300,669812,0.000000,0.809961,1,48,0.269103,0.293164,0.147379,0.290354
6310,670966,0.000000,0.832568,1,27,0.269293,0.293464,0.147464,0.289779
6340,674069,0.000000,0.830225,1,35,0.269368,0.293665,0.147497,0.289470
6380,678412,0.001800,0.778760,1,41,0.269282,0.293411,0.147459,0.289849
6390,679441,0.000436,0.741016,1,42,0.269256,0.293422,0.147447,0.289874
6400,680556,0.006654,0.752100,1,42,0.269210,0.293432,0.147427,0.289931
6420,682796,0.000478,0.714307,1,22,0.269708,0.293771,0.147648,0.288873
6450,686071,0.000000,0.698413,1,25,0.270683,0.291645,0.148081,0.289590
6460,686953,0.002640,0.667065,1,14,0.270854,0.292845,0.148158,0.288143
6470,688052,0.002640,0.743408,1,16,0.270851,0.293452,0.148156,0.287540
6480,689021,0.000000,0.675049,1,20,0.270805,0.293624,0.148136,0.287435
6500,691153,0.000000,0.726587,1,23,0.270334,0.294001,0.147926,0.287739
6520,693509,0.004904,0.713135,1,24,0.270233,0.294029,0.147881,0.287857
6550,696550,0.005763,0.686279,1,27,0.270106,0.293588,0.147825,0.288481
6560,697556,0.000000,0.717432,1,24,0.270490,0.292705,0.147996,0.288809
6570,698567,0.000000,0.694434,1,26,0.270751,0.291879,0.148111,0.289258
6580,699738,0.002283,0.744971,1,30,0.270434,0.292359,0.147971,0.289237
6590,700939,0.002333,0.792090,1,34,0.270263,0.292606,0.147895,0.289237
6600,701836,0.000050,0.668286,1,36,0.269964,0.292937,0.147762,0.289337
6610,702793,0.000063,0.673730,1,26,0.270878,0.290765,0.148168,0.290188
6620,703890,0.003791,0.684326,1,27,0.271334,0.289620,0.148371,0.290675
6630,705036,0.004967,0.703320,1,30,0.271060,0.290258,0.148249,0.290433
6640,706040,0.003609,0.667603,1,32,0.270564,0.291378,0.148029,0.290029
6660,708079,0.002540,0.757324,1,35,0.270467,0.291243,0.147985,0.290304
6730,715278,0.001415,0.744336,1,52,0.269521,0.292362,0.147565,0.290552
6750,717448,0.000000,0.751318,1,58,0.269322,0.292468,0.147476,0.290733
6760,718319,0.000000,0.781982,1,30,0.269395,0.292930,0.147509,0.290167
6780,720217,0.000000,0.779053,1,31,0.269714,0.292550,0.147651,0.290085
6790,721208,0.000000,0.709033,1,31,0.269625,0.292942,0.147611,0.289822
6800,722270,0.000000,0.797998,1,35,0.270027,0.291953,0.147790,0.290231
6810,723162,0.000000,0.805664,1,29,0.269939,0.292284,0.147751,0.290026
6820,724310,0.000000,0.746875,1,30,0.269910,0.292497,0.147738,0.289855
6850,727312,0.000000,0.733105,1,35,0.269741,0.292889,0.147662,0.289708
6860,728417,0.000000,0.750684,1,22,0.269771,0.293138,0.147676,0.289415
6880,730465,0.000000,0.735498,1,25,0.270664,0.291555,0.148073,0.289709
6900,732530,0.000000,0.665112,1,27,0.270249,0.292647,0.147888,0.289215
6910,733581,0.000000,0.705225,1,19,0.270297,0.293344,0.147910,0.288449
6920,734781,0.000000,0.729834,1,19,0.270317,0.293609,0.147919,0.288155
6930,735968,0.000000,0.755420,1,23,0.270261,0.293840,0.147894,0.288005
6940,736890,0.000000,0.802783,1,27,0.270217,0.293732,0.147874,0.288177
6950,737795,0.000000,0.722900,1,29,0.270004,0.293792,0.147780,0.288424
6960,738828,0.000000,0.764404,1,27,0.269966,0.293861,0.147763,0.288410
6970,740085,0.000000,0.751074,1,29,0.269790,0.293898,0.147684,0.288628
6980,741166,0.000000,0.756641,1,31,0.270166,0.292654,0.147852,0.289328
6990,742263,0.000000,0.764795,1,35,0.270199,0.292245,0.147866,0.289690
7000,743360,0.000000,0.783057,1,38,0.269998,0.292390,0.147777,0.289834
7010,744447,0.000000,0.771484,1,31,0.270196,0.291950,0.147865,0.289989
7020,745669,0.000000,0.789111,1,32,0.270474,0.291195,0.147988,0.290342
7030,746870,0.000000,0.780615,1,35,0.270282,0.291566,0.147903,0.290250
7040,747824,0.000000,0.755371,1,39,0.270008,0.292043,0.147781,0.290168
7060,750005,0.000000,0.812549,1,47,0.269875,0.291896,0.147722,0.290508
7070,751155,0.000000,0.797559,1,52,0.269588,0.292326,0.147595,0.290491
7080,752110,0.000000,0.786768,1,58,0.269472,0.292480,0.147543,0.290505
7090,753221,0.000000,0.744385,1,61,0.269827,0.291292,0.147701,0.291180
7100,754176,0.000000,0.766504,1,67,0.269523,0.291833,0.147566,0.291079
7110,755127,0.000000,0.754541,1,43,0.269707,0.291540,0.147647,0.291106
7120,756172,0.000000,0.834619,1,46,0.269501,0.292114,0.147556,0.290829
7130,757144,0.000000,0.792969,1,51,0.269338,0.292486,0.147483,0.290693
7140,758232,0.000000,0.779346,1,57,0.269279,0.292592,0.147457,0.290672
7150,759432,0.000000,0.802637,1,61,0.269100,0.292813,0.147378,0.290709
7160,760505,0.000000,0.788525,1,52,0.269080,0.292898,0.147369,0.290654
7170,761351,0.000000,0.772803,1,59,0.269038,0.292958,0.147350,0.290653
7180,762513,0.000000,0.799854,1,64,0.268975,0.293005,0.147322,0.290699
7190,763677,0.000000,0.817139,1,68,0.268912,0.293029,0.147294,0.290764
7200,764771,0.000000,0.745703,1,69,0.269104,0.292430,0.147380,0.291087
7210,765868,0.000000,0.715576,1,48,0.269092,0.292693,0.147374,0.290841
7220,766960,0.000074,0.689600,1,51,0.269100,0.292756,0.147378,0.290766
7230,768221,0.000000,0.777344,1,53,0.269196,0.292535,0.147420,0.290848
7240,769459,0.000000,0.740576,1,54,0.269109,0.292750,0.147382,0.290760
7250,770480,0.000000,0.695337,1,57,0.269037,0.292890,0.147350,0.290723
7260,771464,0.000000,0.688794,1,35,0.269133,0.293135,0.147393,0.290339
7270,772457,0.000000,0.717236,1,39,0.269161,0.293266,0.147405,0.290168
7280,773299,0.000570,0.650586,1,42,0.269156,0.293302,0.147403,0.290140
7290,774397,0.001051,0.722803,1,46,0.269122,0.293328,0.147387,0.290163
7300,775495,0.000602,0.764941,1,50,0.269084,0.293330,0.147371,0.290215
7310,776568,0.000000,0.740430,1,34,0.269237,0.293298,0.147439,0.290026
7320,777588,0.000000,0.706934,1,39,0.269585,0.292530,0.147593,0.290291
7330,778702,0.000000,0.783838,1,44,0.269798,0.291899,0.147688,0.290616
7340,779709,0.000000,0.766064,1,49,0.269667,0.292148,0.147630,0.290555
7350,780890,0.000221,0.769873,1,52,0.269400,0.292538,0.147511,0.290551
7360,782022,0.000221,0.741406,1,42,0.269507,0.292369,0.147559,0.290565
7370,783140,0.000169,0.772949,1,45,0.269367,0.292689,0.147496,0.290448
7380,784159,0.000000,0.764795,1,48,0.269306,0.292801,0.147469,0.290423
7390,785129,0.000000,0.778027,1,53,0.269783,0.291478,0.147681,0.291058
7400,786168,0.000000,0.816357,1,56,0.269505,0.292019,0.147558,0.290919
7410,787362,0.001005,0.737158,1,40,0.269792,0.291500,0.147686,0.291022
7420,788409,0.000000,0.821533,1,46,0.269572,0.292101,0.147588,0.290739
7430,789411,0.000000,0.795996,1,51,0.269394,0.292469,0.147508,0.290630
7440,790614,0.000000,0.796533,1,54,0.269249,0.292708,0.147444,0.290599
7450,791585,0.000000,0.820801,1,59,0.269130,0.292856,0.147391,0.290623
7470,793828,0.000434,0.753418,1,44,0.269142,0.293135,0.147396,0.290326
7480,794977,0.000000,0.806738,1,49,0.269483,0.292230,0.147548,0.290739
7490,796074,0.000000,0.707715,1,53,0.269313,0.292553,0.147473,0.290662
7500,797120,0.000000,0.779980,1,58,0.269183,0.292742,0.147414,0.290661
7510,797975,0.000000,0.669604,1,42,0.269174,0.292867,0.147411,0.290548
7520,798877,0.000000,0.719775,1,44,0.269150,0.293046,0.147400,0.290404
7530,800133,0.001832,0.752246,1,44,0.269124,0.293159,0.147388,0.290329
7540,801163,0.001832,0.759180,1,44,0.269114,0.293201,0.147384,0.290300
7580,805347,0.000000,0.727295,1,53,0.269309,0.292540,0.147471,0.290681
7590,806210,0.000000,0.684668,1,54,0.269190,0.292753,0.147418,0.290640
7600,807263,0.000000,0.673242,1,54,0.269152,0.292771,0.147401,0.290676
7640,811691,0.001735,0.680029,1,22,0.269726,0.293852,0.147656,0.288766
7650,812549,0.000000,0.725293,1,24,0.269772,0.293959,0.147676,0.288593
7670,814642,0.000000,0.728271,1,19,0.270355,0.293374,0.147936,0.288335
7680,815684,0.000000,0.679834,1,20,0.270688,0.292796,0.148083,0.288433
7690,816605,0.000000,0.691650,1,24,0.270557,0.293061,0.148026,0.288356
7700,817586,0.000000,0.625293,1,25,0.270305,0.293403,0.147913,0.288378
7710,818593,0.000000,0.596240,1,17,0.270342,0.293854,0.147930,0.287874
7720,819799,0.002114,0.649561,1,20,0.270718,0.293083,0.148097,0.288102
7730,820901,0.002114,0.709326,1,20,0.270580,0.293391,0.148035,0.287994
7740,821845,0.000000,0.666113,1,21,0.270808,0.292688,0.148137,0.288367
7790,827336,0.000497,0.699561,1,28,0.270683,0.291858,0.148081,0.289377
7800,828499,0.001803,0.698242,1,31,0.270298,0.292472,0.147910,0.289319
7810,829690,0.001803,0.728271,1,18,0.270317,0.292883,0.147919,0.288881
7820,830754,0.004180,0.741406,1,20,0.270791,0.291928,0.148129,0.289152
7830,831809,0.006377,0.665381,1,21,0.270864,0.291948,0.148162,0.289026
7840,832913,0.002545,0.747607,1,25,0.270644,0.292508,0.148064,0.288784
7850,833861,0.000000,0.746143,1,28,0.270381,0.292880,0.147947,0.288791
7860,835034,0.003008,0.733154,1,21,0.270347,0.293153,0.147932,0.288568
7880,837213,0.000000,0.720361,1,28,0.270757,0.292049,0.148114,0.289080
7890,838246,0.002337,0.684814,1,28,0.270837,0.291496,0.148150,0.289517
7910,840292,0.000352,0.676855,1,32,0.270797,0.291193,0.148132,0.289879
7930,842316,0.000000,0.759692,1,36,0.270066,0.292427,0.147807,0.289699
7940,843480,0.000000,0.766553,1,39,0.269797,0.292779,0.147688,0.289736
8010,851365,0.001075,0.786084,1,50,0.269208,0.293057,0.147426,0.290310
8020,852236,0.000405,0.709229,1,50,0.269131,0.293130,0.147392,0.290347
8030,853287,0.001356,0.704492,1,53,0.269090,0.293109,0.147373,0.290428
8040,854444,0.004029,0.681934,1,53,0.269251,0.292647,0.147445,0.290656
8060,856498,0.001772,0.710645,1,58,0.269313,0.292302,0.147472,0.290913
8070,857695,0.000000,0.753833,1,60,0.269165,0.292568,0.147407,0.290860
8080,858673,0.000000,0.720044,1,61,0.269561,0.291515,0.147583,0.291341
8100,860975,0.000019,0.758740,1,67,0.269471,0.291552,0.147543,0.291434
8110,862130,0.002292,0.775000,1,21,0.269636,0.292451,0.147616,0.290298
8120,863104,0.002292,0.639600,1,23,0.269731,0.293020,0.147658,0.289590
8140,865239,0.000000,0.814111,1,27,0.270018,0.292897,0.147786,0.289299
8160,867455,0.000000,0.672070,1,28,0.269872,0.293243,0.147721,0.289165
8170,868590,0.000000,0.755713,1,32,0.269696,0.293502,0.147643,0.289159
8180,869508,0.002649,0.742920,1,36,0.269793,0.293108,0.147686,0.289414
8190,870500,0.002649,0.710986,1,40,0.270482,0.291065,0.147992,0.290461
8210,872879,0.000000,0.754736,1,45,0.270149,0.291324,0.147844,0.290684
8220,873447,0.000000,0.714404,1,47,0.269955,0.291668,0.147758,0.290619
8250,876770,0.000000,0.824902,1,51,0.269358,0.292661,0.147493,0.290489
8260,877973,0.000000,0.828760,1,31,0.269384,0.292872,0.147504,0.290240
8270,879161,0.000000,0.785571,1,32,0.269392,0.293260,0.147507,0.289841
8280,880155,0.000000,0.751001,1,33,0.270063,0.291622,0.147806,0.290510
8290,881187,0.000000,0.760986,1,34,0.270020,0.291805,0.147787,0.290388
8300,882062,0.000000,0.734668,1,37,0.269901,0.292126,0.147734,0.290239
8310,882999,0.000000,0.703809,1,24,0.269873,0.292781,0.147721,0.289624
8320,883880,0.000000,0.696338,1,25,0.269857,0.293022,0.147714,0.289406
8330,885032,0.000000,0.781201,1,25,0.269828,0.293332,0.147701,0.289138
8340,886239,0.000000,0.836816,1,28,0.269746,0.293635,0.147665,0.288954
8360,888272,0.000156,0.598926,1,29,0.270482,0.291653,0.147992,0.289874
8370,889211,0.000156,0.741504,1,32,0.270623,0.291178,0.148055,0.290144
8380,890135,0.000000,0.729639,1,35,0.270408,0.291612,0.147959,0.290022
8390,891228,0.000000,0.703809,1,35,0.270060,0.292247,0.147804,0.289889
8400,892498,0.001504,0.729443,1,35,0.269730,0.292850,0.147658,0.289763
8430,895815,0.000639,0.752515,1,20,0.270441,0.293272,0.147974,0.288313
8450,898028,0.000000,0.764111,1,20,0.270259,0.293929,0.147893,0.287919
8480,901171,0.000698,0.711328,1,18,0.270731,0.294026,0.148103,0.287140
8490,902037,0.000000,0.682910,1,22,0.270623,0.294111,0.148055,0.287211
8500,902986,0.000000,0.686426,1,23,0.270404,0.294187,0.147957,0.287451
8510,904157,0.000000,0.689502,1,21,0.270334,0.294329,0.147926,0.287410
8520,905096,0.000000,0.734131,1,25,0.270553,0.293337,0.148023,0.288087
8560,909687,0.010966,0.719482,1,29,0.270126,0.293194,0.147834,0.288847
8590,912757,0.008130,0.746729,1,38,0.269612,0.293332,0.147605,0.289450
8600,913921,0.008087,0.718555,1,41,0.269473,0.293389,0.147544,0.289594
8610,915088,0.011064,0.688721,1,25,0.269549,0.293620,0.147577,0.289253
8640,918279,0.002852,0.763770,1,34,0.269853,0.292940,0.147712,0.289495
8660,920439,0.003188,0.800391,1,38,0.269816,0.292606,0.147696,0.289882
8670,921362,0.003374,0.783545,1,41,0.269703,0.292759,0.147646,0.289892
8690,923831,0.000000,0.791406,1,46,0.269579,0.292615,0.147591,0.290215
8710,925773,0.000000,0.805615,1,52,0.269828,0.291569,0.147701,0.290902
8740,928957,0.000724,0.772559,1,59,0.269345,0.292327,0.147487,0.290841
8770,932294,0.006070,0.706689,1,62,0.269018,0.292818,0.147341,0.290824
8780,933440,0.002649,0.741699,1,65,0.269002,0.292779,0.147334,0.290885
8790,934717,0.002649,0.810596,1,65,0.268934,0.292877,0.147304,0.290884
8810,936804,0.000054,0.782178,1,70,0.268956,0.292697,0.147314,0.291034
8820,937817,0.000000,0.770605,1,75,0.268917,0.292753,0.147296,0.291033
8830,938937,0.001655,0.763965,1,80,0.268849,0.292829,0.147266,0.291056
8840,939970,0.000000,0.739746,1,81,0.268793,0.292872,0.147241,0.291094
8850,940845,0.000000,0.767920,1,84,0.268752,0.292899,0.147223,0.291125
8860,942027,0.000208,0.774121,1,29,0.269010,0.293235,0.147338,0.290417
8870,943022,0.002232,0.792432,1,36,0.269470,0.292470,0.147542,0.290517
8880,944171,0.006207,0.756396,1,41,0.269375,0.292796,0.147500,0.290330
8890,945360,0.001299,0.790088,1,43,0.269288,0.292997,0.147461,0.290254
8900,946399,0.001173,0.754102,1,45,0.269237,0.293080,0.147439,0.290244
8910,947167,0.003049,0.667725,1,41,0.269411,0.292674,0.147516,0.290399
8930,949177,0.000000,0.854395,1,51,0.269494,0.292319,0.147553,0.290634
8940,950005,0.009567,0.768457,1,55,0.269414,0.292432,0.147517,0.290638
8950,951178,0.007750,0.788135,1,58,0.269287,0.292577,0.147461,0.290675
8960,952187,0.000000,0.870801,1,45,0.269221,0.292839,0.147431,0.290509
8970,953280,0.000000,0.840674,1,47,0.269164,0.293006,0.147406,0.290424
8980,954335,0.000000,0.807813,1,49,0.269138,0.293063,0.147395,0.290404
8990,955398,0.001789,0.784717,1,50,0.269430,0.292261,0.147524,0.290784
9000,956454,0.005883,0.757959,1,52,0.269385,0.292309,0.147504,0.290802
9010,957721,0.001551,0.782910,1,35,0.269370,0.292744,0.147498,0.290388
9030,959732,0.000052,0.757520,1,38,0.269315,0.293147,0.147473,0.290065
9040,960867,0.000000,0.761475,1,41,0.269268,0.293262,0.147452,0.290017
9050,961955,0.000000,0.792676,1,43,0.269250,0.293273,0.147444,0.290034
9060,963132,0.000000,0.815918,1,24,0.269678,0.293007,0.147634,0.289681
9070,964262,0.000030,0.828223,1,26,0.269845,0.292997,0.147709,0.289449
9080,965250,0.000030,0.763477,1,26,0.269788,0.293331,0.147683,0.289199
9090,966435,0.001844,0.769482,1,28,0.269741,0.293546,0.147662,0.289051
9100,967444,0.001844,0.796973,1,30,0.269669,0.293656,0.147631,0.289045
9110,968543,0.000989,0.796826,1,22,0.270286,0.292509,0.147905,0.289300
9120,969666,0.000079,0.812646,1,23,0.270160,0.293069,0.147849,0.288922
9130,970676,0.001586,0.790576,1,26,0.270085,0.293250,0.147816,0.288850
9140,971629,0.000951,0.767383,1,28,0.269944,0.293494,0.147753,0.288809
9150,972833,0.004495,0.775098,1,28,0.269824,0.293637,0.147700,0.288839
9170,975015,0.000000,0.777197,1,20,0.270018,0.294174,0.147786,0.288022
9180,976047,0.000000,0.843262,1,20,0.270030,0.294236,0.147791,0.287943
9190,977248,0.002612,0.818115,1,21,0.270048,0.294331,0.147799,0.287822
9210,979362,0.006119,0.796924,1,28,0.269916,0.294272,0.147740,0.288072
9240,982253,0.000000,0.745459,1,33,0.269982,0.293066,0.147770,0.289183
9260,984262,0.003565,0.806055,1,38,0.269689,0.293317,0.147640,0.289354
9270,985350,0.007059,0.776758,1,39,0.269704,0.292972,0.147646,0.289678
9280,986509,0.001950,0.831592,1,40,0.269978,0.292021,0.147768,0.290234
9290,987713,0.001096,0.831104,1,42,0.269743,0.292413,0.147664,0.290181
9300,988736,0.000726,0.810986,1,44,0.269907,0.291783,0.147736,0.290574
9310,989849,0.000000,0.805518,1,25,0.269887,0.292557,0.147728,0.289829
9350,994231,0.003945,0.753906,1,32,0.270194,0.292033,0.147864,0.289909
9360,995312,0.003582,0.736719,1,21,0.270147,0.292794,0.147843,0.289216
